description,body_part,level
Been dealing with a light ache in my lower back for a few days now.,back,beginner
"My low back has felt a bit sore since the weekend, especially after sitting long hours.",back,beginner
There’s a mild nagging pain around my lumbar area that started a couple days ago.,back,beginner
Noticed a gentle soreness in my lower spine that’s been hanging around this week.,back,beginner
Back muscles feel slightly tight and uncomfortable for the past few days.,back,beginner
"Something feels off in my low back, kind of a dull ache since Monday.",back,beginner
"Mild stiffness in the lumbar region for a few days, nothing too serious though.",back,beginner
"Lower back has been a little tender lately, especially after working at my desk.",back,beginner
"Feeling a small, annoying ache in my back muscles for about a week.",back,beginner
There’s a faint soreness in my lower spine that comes and goes.,back,beginner
My low back has been slightly uncomfortable over the last few days.,back,beginner
Just a minor ache near the lumbar area that started recently.,back,beginner
Back feels a bit tight and sore after sitting for long periods.,back,beginner
Lower spine has had a light soreness since last weekend.,back,beginner
Experiencing a small dull ache in my lower back for around a week.,back,beginner
Back muscles feel mildly strained after normal daily activity.,back,beginner
Slight tenderness in the lumbar area that isn’t too painful but noticeable.,back,beginner
Low back feels a bit stiff in the mornings these past few days.,back,beginner
There’s a soft aching feeling near my lower spine lately.,back,beginner
Mild back discomfort started quietly earlier this week.,back,beginner
My lower back has been aching pretty steadily for about a week now.,back,intermediate
Been feeling this smaller tightness around my lumbar area for almost two weeks.,back,intermediate
There’s a persistent soreness in my low back that gets worse after litle higher  hours at my desk.,back,intermediate
My back muscles have felt strained and uncomfortable for the last ten days.,back,intermediate
Bending forward lately brings on a noticeable pressure in my lower spine.,back,intermediate
Waking up with stiffness across my low back has been happening most mornings this week.,back,intermediate
"The ache in my lumbar region isn’t unbearable, but it’s constant enough to be distracting.",back,intermediate
"There’s this dull, ongoing pain in my lower back that hasn’t really improved.",back,intermediate
Moving around feels restricted because of the steady tension in my back muscles.,back,intermediate
Sitting through work meetings has been uncomfortable due to this nagging back pain.,back,intermediate
"My lower spine has been bothering me for over a week, especially when I stand too long.",back,intermediate
There’s a moderate pulling sensation in my low back that won’t fully settle down.,back,intermediate
Even simple things like picking something up bring back that steady ache.,back,intermediate
Mornings are rough because my lower back feels tight and sore for a while.,back,intermediate
Back muscles feel heavy and fatigued after normal daily activity.,back,intermediate
There’s a lingering pressure in my lumbar area that’s been sticking around.,back,intermediate
Long drives make the discomfort in my low back much more noticeable.,back,intermediate
"It’s not severe, but the ache in my lower spine has been persistent for days.",back,intermediate
"I can move, but the moderate pain makes everything feel slower than usual.",back,intermediate
"For the past couple of weeks, my back just hasn’t felt quite right.",back,intermediate
The pain shooting down my legs has made walking even short distances almost impossible these past few weeks.,back,advanced
I’ve been dealing with constant lower back pain for months now and it keeps me up most nights.,back,advanced
Every morning my back feels so stiff and painful that standing up takes real effort.,back,advanced
There’s a sharp pain deep in my lumbar spine that hasn’t eased up in a long time.,back,advanced
Working has become really difficult because the pain in my lower back just doesn’t let up.,back,advanced
"I’ve struggled with this back issue for years, and lately it feels worse than ever.",back,advanced
The pain running down my left leg makes it hard to even walk around the house.,back,advanced
"Trying to stand straight triggers a strong, stabbing sensation in my lower spine.",back,advanced
Nights are the worst because the back pain flares up when I lie down.,back,advanced
My movement is so limited now that even simple tasks feel exhausting.,back,advanced
The discomfort in my lower back has been intense for the past three weeks without improvement.,back,advanced
Some days the pain is so bad it’s hard to focus on anything else.,back,advanced
Walking more than a few minutes brings on burning pain in my low back.,back,advanced
A sharp sensation keeps traveling from my lower spine down my right leg.,back,advanced
This back problem has been going on for years and it’s really affecting my daily life.,back,advanced
Sleeping is difficult because the lumbar pain keeps waking me up.,back,advanced
I can’t fully straighten my back in the mornings due to stiffness and sharp pain.,back,advanced
The constant ache in my back muscles has changed how I move throughout the day.,back,advanced
"It’s been lingering for months, but recently the pain has become much harder to tolerate.",back,advanced
The discomfort spreads down toward my feet and makes leaving the house difficult.,back,advanced
My right knee has been a little sore since walking around the mall yesterday.,knee,beginner
"The left knee feels slightly uncomfortable when I take the stairs, but it’s manageable.",knee,beginner
Noticed a bit of tenderness in my knee after being inactive for most of the day.,knee,beginner
There’s been a faint ache in my knee joint for the past couple of days.,knee,beginner
Standing up after long hours at work brings on a light knee discomfort.,knee,beginner
My knee feels a little tight after sitting too long at my desk.,knee,beginner
"First thing in the morning, I notice a mild stiffness in my knee.",knee,beginner
There’s a small pulling feeling just under my kneecap when I climb stairs.,knee,beginner
"Since the weekend, my knee has felt slightly stiff but nothing serious.",knee,beginner
"After a brisk walk, I sometimes feel a dull ache in the joint.",knee,beginner
Took the dog on a longer walk and now my knee feels a bit sore.,knee,beginner
Walking on uneven ground left my knee mildly uncomfortable.,knee,beginner
"My knee feels tender today, probably from not moving around much yesterday.",knee,beginner
"During light workouts, I notice a slight strain in my knee.",knee,beginner
"After hiking uphill, there’s been a soft ache lingering in the joint.",knee,beginner
"For a couple of days now, stairs have made my knee feel sensitive.",knee,beginner
"When I move quickly, there’s a mild discomfort around the kneecap.",knee,beginner
Long car rides seem to make my knee feel a little stiff.,knee,beginner
"There’s a gentle throbbing in my knee, but it doesn’t stop daily activity.",knee,beginner
Mornings come with a bit of knee stiffness that eases after moving around.,knee,beginner
Stairs have been causing a noticeable pain in my knee for the last couple of weeks.,knee,intermediate
There’s a dull ache behind my kneecap that’s been sticking around for over a week.,knee,intermediate
"After sitting too long, my knee feels stiff and sore for a while.",knee,intermediate
Going uphill makes the discomfort in my knee much more obvious lately.,knee,intermediate
Bending down to tie my shoes has started to feel uncomfortable because of this ongoing knee pain.,knee,intermediate
Walking for extended periods leaves my knee feeling strained by the end of the day.,knee,intermediate
My knee has been moderately sore for nearly two weeks now.,knee,intermediate
There’s a nagging ache in the joint that just doesn’t fully go away.,knee,intermediate
Picking things up from the floor makes the pain flare up again.,knee,intermediate
The joint feels tight and achy whenever I try to move quickly.,knee,intermediate
Hard surfaces seem to make my knee discomfort worse.,knee,intermediate
"It’s not severe, but walking has definitely become uncomfortable recently.",knee,intermediate
"By evening, the knee feels heavy and sore from regular movement.",knee,intermediate
Long hours at my desk leave my knee stiff and aching.,knee,intermediate
"The pain isn’t sharp, but it’s steady enough to be annoying.",knee,intermediate
I’ve noticed the knee takes longer to feel normal after sitting.,knee,intermediate
There’s a moderate soreness that lingers after I’m active.,knee,intermediate
My knee has been bothering me most days this past week.,knee,intermediate
Even short walks around the office make the discomfort noticeable.,knee,intermediate
The joint just hasn’t felt right for a while now.,knee,intermediate
"My knee has been in constant pain lately, and even standing up feels difficult.",knee,advanced
"Every step sends a sharp pain through the joint, and it sometimes feels like it might give out.",knee,advanced
"The swelling hasn’t gone down for months, and putting weight on my leg is really tough.",knee,advanced
I can’t sleep properly because the knee throbs at night.,knee,advanced
"Walking feels unstable, like my knee might buckle without warning.",knee,advanced
The joint has been swollen for weeks and hurts even when I’m not moving.,knee,advanced
"I’ve had this knee issue for years, but recently it’s become much harder to manage",knee,advanced
Even short walks around the house leave me exhausted from the pain.,knee,advanced
The discomfort spreads down my leg and makes moving around difficult.,knee,advanced
My knee feels weak and unreliable whenever I try to walk normally.,knee,advanced
Climbing stairs is almost impossible because of the sharp pain and pressure.,knee,advanced
"The stiffness doesn’t ease up during the day, which limits how much I can move.",knee,advanced
I avoid putting full weight on the leg because it hurts too much.,knee,advanced
The swelling makes bending the knee uncomfortable and restricted.,knee,advanced
It feels like the joint locks up when I try to straighten it.,knee,advanced
Daily activities have become challenging due to the constant knee pain.,knee,advanced
Even resting doesn’t fully relieve the ache in my knee.,knee,advanced
The instability makes me nervous about walking without support.,knee,advanced
Some days the pain flares up so badly I have to stop what I’m doing.,knee,advanced
"My knee hasn’t felt normal for a long time, and mobility is definitely affected.",knee,advanced
My neck has felt slightly tight after sleeping in an awkward position.,neck,beginner
There’s a faint ache when I turn my head too quickly.,neck,beginner
Woke up with a bit of stiffness in the back of my neck this morning.,neck,beginner
"After working on my laptop for hours, my neck feels mildly sore.",neck,beginner
"It’s not painful, just a light discomfort when I look over my shoulder.",neck,beginner
Driving for long stretches makes my neck feel a little strained.,neck,beginner
There’s a soft soreness near the base of my neck lately.,neck,beginner
Holding my phone down for too long leaves my neck feeling tight.,neck,beginner
I’ve noticed a mild tenderness when tilting my head back.,neck,beginner
The neck area feels slightly stiff first thing in the morning.,neck,beginner
Turning to check traffic sometimes causes a small pulling sensation.,neck,beginner
"After a long desk day, my neck feels a bit uncomfortable.",neck,beginner
There’s a gentle ache that comes and goes during the day,neck,beginner
My neck feels mildly strained after sitting with poor posture.,neck,beginner
Looking down at my screen too much makes the discomfort noticeable.,neck,beginner
The back of my neck has been a little sore the past couple of days.,neck,beginner
"It feels tight, but not really painful, just mildly annoying.",neck,beginner
A light stiffness shows up when I rotate my head side to side.,neck,beginner
My neck just hasn’t felt completely relaxed this week.,neck,beginner
There’s a slight pressure around the cervical area that eases after moving.,neck,beginner
Turning my head lately brings on a noticeable pain that wasn’t there before.,neck,intermediate
Looking down at my phone for too long leaves my neck aching afterward.,neck,intermediate
There’s been a nagging soreness in the back of my neck most days this past week.,neck,intermediate
"After long laptop sessions, my neck feels stiff and uncomfortable for hours.",neck,intermediate
Sleeping awkwardly seems to make the tightness linger well into the day.,neck,intermediate
"The pain isn’t severe, but it’s steady enough to be distracting.",neck,intermediate
My neck has felt moderately sore for nearly two weeks now.,neck,intermediate
Sitting without breaks makes the discomfort much more obvious.,neck,intermediate
There’s a dull throbbing sensation near the base of my skull.,neck,intermediate
Driving for extended periods leaves my neck feeling strained.,neck,intermediate
The stiffness sticks around longer than it used to.,neck,intermediate
I’ve noticed it takes time for my neck to loosen up after waking up.,neck,intermediate
Looking up or down for too long triggers that same aching feeling.,neck,intermediate
The soreness tends to flare up by late afternoon during workdays.,neck,intermediate
My neck feels tight and restricted when I try to rotate it fully.,neck,intermediate
Even small movements sometimes remind me the discomfort is still there.,neck,intermediate
"It’s not unbearable, but it definitely affects my focus.",neck,intermediate
The ache has been consistent enough that I’ve started noticing it daily.,neck,intermediate
Long meetings without movement seem to make it worse.,neck,intermediate
"Overall, my neck just hasn’t felt right these past couple of weeks.",neck,intermediate
Even small movements of my neck trigger sharp pain that sometimes leads to headaches.,neck,advanced
"My neck has been painfully stiff for months, and turning it fully is difficult.",neck,advanced
The throbbing in the back of my neck keeps me awake most nights.,neck,advanced
"For weeks now, the pain has been bad enough to limit how much I can move.",neck,advanced
Sometimes it feels like my neck locks up when I try to rotate it.,neck,advanced
Driving has become uncomfortable because I can’t turn my head properly.,neck,advanced
The stiffness spreads into my shoulders and makes daily tasks harder.,neck,advanced
There’s a burning pain that runs from my neck down toward my arms.,neck,advanced
I’ve noticed occasional numbness in my hands along with the neck pain.,neck,advanced
The discomfort has been constant for months and doesn’t seem to ease.,neck,advanced
Some days the headache from my neck pain is worse than the stiffness itself.,neck,advanced
Working at a computer has become extremely difficult due to the sharp pain.,neck,advanced
I can’t sit or stand comfortably for long because of how tight my neck feels.,neck,advanced
"The ache intensifies at night, making sleep difficult.",neck,advanced
My range of motion is very limited compared to before.,neck,advanced
Even resting doesn’t fully relieve the pressure in my cervical area.,neck,advanced
The pain has been ongoing for a long time and seems to be getting worse.,neck,advanced
"Turning suddenly causes a strong, stabbing sensation in my upper neck.",neck,advanced
Daily routines feel restricted because of how severe the stiffness is.,neck,advanced
The discomfort often radiates into my shoulders and upper back.,neck,advanced
